"","name","domain","year founded","industry","size range","locality","country","linkedin url","current employee estimate","total employee estimate"
"21074","accenture","accenture.com","1989","information technology and services","10001+","dublin, dublin, ireland","ireland","linkedin.com/company/accenture","190689","455768"
"4425416","tata consultancy services","tcs.com","1968","information technology and services","10001+","bombay, maharashtra, india","india","linkedin.com/company/tata-consultancy-services","190771","341369"
"5872184","ibm","ibm.com","1911","information technology and services","10001+","new york, new york, united states","united states","linkedin.com/company/ibm","274047","716906"
"2309813","us army","goarmy.com","1800","military","10001+","alexandria, virginia, united states","united states","linkedin.com/company/us-army","162163","445958"
"1558607","ey","ey.com","1989","accounting","10001+","london, greater london, united kingdom","united kingdom","linkedin.com/company/ernstandyoung","158363","428960"
"3844889","hewlett-packard","hpe.com","1939","information technology and services","10001+","palo alto, california, united states","united states","linkedin.com/company/hewlett-packard-enterprise","127952","412952"
"2959148","cognizant technology solutions","cognizant.com","1994","information technology and services","10001+","teaneck, new jersey, united states","united states","linkedin.com/company/cognizant","122031","210020"
"5944912","walmart","walmartcareers.com","1962","retail","10001+","withee, wisconsin, united states","united states","linkedin.com/company/walmart","120753","272827"
"3727010","microsoft","microsoft.com","1975","computer software","10001+","redmond, washington, united states","united states","linkedin.com/company/microsoft","116196","276983"
"3300741","at&t","att.com","1876","telecommunications","10001+","dallas, texas, united states","united states","linkedin.com/company/at&t","115188","269659"
"5412257","united states air force","airforce.com","1947","defense & space","10001+","randolph, texas, united states","united states","linkedin.com/company/united-states-air-force","113997","316549"
"2780814","pwc","pwc.com","1998","accounting","10001+","new york, new york, united states","united states","linkedin.com/company/pwc","111372","379447"
"3972223","wells fargo","wellsfargo.com","","financial services","10001+","san francisco, california, united states","united states","linkedin.com/company/wellsfargo","109532","264101"
"1454663","infosys","infosys.com","1981","information technology and services","10001+","bangalore, karnataka, india","india","linkedin.com/company/infosys","104752","215718"
"3221953","deloitte","deloitte.com","1900","management consulting","10001+","new york, new york, united states","united states","linkedin.com/company/deloitte","104112","329145"
"2994580","citi","citigroup.com","1812","financial services","10001+","new york, new york, united states","united states","linkedin.com/company/citi","101482","298171"
"5372097","bank of america","bankofamerica.com","1968","banking","10001+","charlotte, north carolina, united states","united states","linkedin.com/company/bank-of-america","97357","279769"
"1170519","jpmorgan chase & co.","jpmorganchase.com","1823","financial services","10001+","new york, new york, united states","united states","linkedin.com/company/jpmorgan-chase","95234","242135"
"4000842","us navy","navy.com","","military","10001+","washington, district of columbia, united states","united states","linkedin.com/company/us-navy","94458","325740"
"4306268","amazon","amazon.com","1994","internet","10001+","seattle, washington, united states","united states","linkedin.com/company/amazon","93247","161866"
"5735407","apple","apple.com","1976","consumer electronics","10001+","cupertino, california, united states","united states","linkedin.com/company/apple","90095","179531"
"2441266","siemens","siemens.com","1847","electrical/electronic manufacturing","10001+","munich, bavaria, germany","germany","linkedin.com/company/siemens","87381","240528"
"229577","oracle","oracle.com","1977","information technology and services","10001+","redwood shores, california, united states","united states","linkedin.com/company/oracle","85090","206211"
"1685535","nokia","nokia.com","1865","telecommunications","10001+","espoo, uusimaa, finland","finland","linkedin.com/company/nokia","84327","251795"
"4604890","education nationale","education.gouv.fr","","public policy","10001+","paris, île-de-france, france","france","linkedin.com/company/education-nationale","84218","101083"
"6021320","capgemini","capgemini.com","1967","information technology and services","10001+","france, aquitaine, france","france","linkedin.com/company/capgemini","84179","203525"
"1373987","wipro technologies","wipro.com","1945","information technology and services","10001+","bangalore, karnataka, india","india","linkedin.com/company/wipro","78261","177368"
"4968033","hsbc","hsbc.com","1865","financial services","10001+","london, greater london, united kingdom","united kingdom","linkedin.com/company/hsbc","75640","225649"
"1001070","google","google.com","1998","internet","10001+","mountain view, california, united states","united states","linkedin.com/company/google","75109","131349"
"4186125","united states postal service","usps.com","","government administration","10001+","washington, district of columbia, united states","united states","linkedin.com/company/usps","74357","104159"
"6465913","mcdonald's corporation","aboutmcdonalds.com","1955","restaurants","10001+","oak brook, illinois, united states","united states","linkedin.com/company/mcdonald's-corporation","68233","235199"
"3874979","ericsson","ericsson.com","","information technology and services","10001+","kista, stockholm, sweden","sweden","linkedin.com/company/ericsson","67692","178578"
"295807","nhs","","1948","hospital & health care","10001+","","","linkedin.com/company/nhs","67564","92596"
"651752","boeing","boeing.com","1916","aviation & aerospace","10001+","chicago, illinois, united states","united states","linkedin.com/company/boeing","67261","120776"
"1379366","vodafone","vodafone.com","1982","telecommunications","10001+","berks, west berkshire, united kingdom","united kingdom","linkedin.com/company/vodafone","66632","174892"
"100292","kaiser permanente","kaiserpermanente.org","1945","hospital & health care","10001+","oakland, california, united states","united states","linkedin.com/company/kaiser-permanente","65839","105240"
"6249577","ford motor company","ford.com","1903","automotive","10001+","dearborn, michigan, united states","united states","linkedin.com/company/ford-motor-company","65335","133963"
"5872179","intel corporation","intel.com","1968","semiconductors","10001+","santa clara, california, united states","united states","linkedin.com/company/intel-corporation","64046","146247"
"2396132","department of veterans affairs","va.gov","1930","government administration","10001+","washington, district of columbia, united states","united states","linkedin.com/company/department-of-veterans-affairs","62685","86489"
"4291705","cisco","cisco.com","1984","computer networking","10001+","san jose, california, united states","united states","linkedin.com/company/cisco","61803","139423"
"5654137","general motors","gm.com","","automotive","10001+","detroit, michigan, united states","united states","linkedin.com/company/general-motors","61638","128429"
"7076008","pepsico","pepsico.com","1965","food & beverages","10001+","purchase, new york, united states","united states","linkedin.com/company/pepsico","61040","146820"
"1470821","target","target.com","1962","retail","10001+","minneapolis, minnesota, united states","united states","linkedin.com/company/target","60602","204360"
"2945894","shell","shell.com","1833","oil & energy","10001+","the hague, zuid-holland, netherlands","netherlands","linkedin.com/company/shell","60324","147906"
"4296553","hcl technologies","hcltech.com","1991","information technology and services","10001+","noida, uttar pradesh, india","india","linkedin.com/company/hcl-technologies","59993","127468"
"1752210","ups","ups.com","1907","transportation/trucking/railroad","10001+","atlanta, georgia, united states","united states","linkedin.com/company/ups","59712","132381"
"6001034","pfizer","pfizer.com","1848","pharmaceuticals","10001+","new york, new york, united states","united states","linkedin.com/company/pfizer","59588","176364"
"3844400","unilever","unilever.com","1872","consumer goods","10001+","london, greater london, united kingdom","united kingdom","linkedin.com/company/unilever","58819","168219"
"1104865","nestlé","nestle.com","1866","food & beverages","10001+","vevey, vaud, switzerland","switzerland","linkedin.com/company/nestle-s-a-","58538","139821"
"4979859","unitedhealth group","unitedhealthgroup.com","1980","hospital & health care","10001+","minneapolis, minnesota, united states","united states","linkedin.com/company/unitedhealth-group","57720","103293"
"3243805","huawei technologies","huawei.com","1987","telecommunications","10001+","shenzhen, guangdong, china","china","linkedin.com/company/huawei","57255","113434"
"5486571","dell","dell.com","1984","information technology and services","10001+","round rock, texas, united states","united states","linkedin.com/company/dell","55945","164468"
"1704309","gsk","gsk.com","1830","pharmaceuticals","10001+","hayes, hillingdon, united kingdom","united kingdom","linkedin.com/company/glaxosmithkline","54117","147725"
"5058468","honeywell","honeywell.com","1985","electrical/electronic manufacturing","10001+","morristown, new jersey, united states","united states","linkedin.com/company/honeywell","51721","123249"
"1360249","sap","sap.com","1972","computer software","10001+","","","linkedin.com/company/sap","51441","102773"
"3737260","schlumberger","slb.com","1926","oil & energy","10001+","houston, texas, united states","united states","linkedin.com/company/schlumberger","50715","122759"
"4985291","lockheed martin","lockheedmartin.com","1912","defense & space","10001+","bethesda, maryland, united states","united states","linkedin.com/company/lockheed-martin","50303","117362"
"4083731","ayatama energi, trisco nusantara","","1999","design","10001+","","","linkedin.com/company/ayatama-energi-trisco-nusantara","48806","49370"
"5842173","abb","abb.com","","electrical/electronic manufacturing","10001+","zurich, zurich, switzerland","switzerland","linkedin.com/company/abb","47434","107903"
"4112520","american center of krasnodar","","","education management","10001+","","","linkedin.com/company/american-center-of-krasnodar","47345","47924"
"2187941","starbucks","starbucks.com","1971","retail","10001+","seattle, washington, united states","united states","linkedin.com/company/starbucks","46523","147107"
"3936147","promobroker agente de seguros y de fianzas s a de c v","","","insurance","10001+","","","linkedin.com/company/promobroker-agente-de-seguros-y-de-fianzas-s-a-de-c-v","44926","45655"
"4107042","morgan stanley","morganstanley.com","1935","financial services","10001+","new york, new york, united states","united states","linkedin.com/company/morgan-stanley","44799","141694"
"3117142","the home depot","homedepot.com","1977","retail","10001+","atlanta, georgia, united states","united states","linkedin.com/company/the-home-depot","44630","114799"
"2118","independiente","ailinsemprini.com.ar","","photography","10001+","","","linkedin.com/company/independiente_28","44148","47788"
"4479252","novartis","novartis.com","1996","pharmaceuticals","10001+","basel, basel-city, switzerland","switzerland","linkedin.com/company/novartis","44054","117021"
"1749711","johnson & johnson","jnj.com","1887","hospital & health care","10001+","new brunswick, new jersey, united states","united states","linkedin.com/company/johnson-&-johnson","43985","118073"
"5505720","bp","bp.com","1909","oil & energy","10001+","london, greater london, united kingdom","united kingdom","linkedin.com/company/bp","43657","106895"
"2596333","schneider electric","schneider-electric.com","1836","electrical/electronic manufacturing","10001+","erlanger, kentucky, united states","united states","linkedin.com/company/schneider-electric","43240","94889"
"4520365","state farm","statefarm.com","1922","insurance","10001+","bloomington, illinois, united states","united states","linkedin.com/company/state_farm","43096","88684"
"4842820","secretaría de educación pública","sep.gob.mx","","government administration","10001+","","","linkedin.com/company/sep","42795","46758"
"3460593","dhl","dhl.com","1969","logistics and supply chain","10001+","bonn, nordrhein-westfalen, germany","germany","linkedin.com/company/dhl","42501","111977"
"6921751","my home","andyross.net","","publishing","10001+","","","linkedin.com/company/home_59","42341","43742"
"4784855","td","td.com","1955","banking","10001+","toronto, ontario, canada","canada","linkedin.com/company/td","42136","93645"
"2122790","ge","ge.com","1892","electrical/electronic manufacturing","10001+","fairfield, connecticut, united states","united states","linkedin.com/company/ge","42043","136710"
"586049","philips","philips.com","1891","hospital & health care","10001+","guildford, surrey, united kingdom","united kingdom","linkedin.com/company/philips","41732","115665"
"313532","ubs","ubs.com","1862","financial services","10001+","zurich, zurich, switzerland","switzerland","linkedin.com/company/ubs","41445","128075"
"2407251","procter & gamble","pg.com","1837","consumer goods","10001+","cincinnati, ohio, united states","united states","linkedin.com/company/procter-and-gamble","40562","122317"
"5029327","walgreens","walgreens.com","1901","retail","10001+","deerfield, illinois, united states","united states","linkedin.com/company/walgreens","40455","98131"
"6217067","keller williams realty, inc.","kw.com","1983","real estate","10001+","austin, texas, united states","united states","linkedin.com/company/keller-williams-realty-inc","40325","59266"
"2268961","lowe's companies, inc.","lowes.com","1946","retail","10001+","mooresville, north carolina, united states","united states","linkedin.com/company/lowe's-home-improvement","39741","91802"
"916981","verbum traducción y edición","","","translation and localization","10001+","","","linkedin.com/company/verbum-traducci-n-y-edici-n","39679","39736"
"1958827","united states marine corps","marines.com","","military","10001+","washington, district of columbia, united states","united states","linkedin.com/company/united-states-marine-corps","38917","165778"
"2636553","dell emc","dellemc.com","1979","information technology and services","10001+","hopkinton, massachusetts, united states","united states","linkedin.com/company/dellemc","38703","80248"
"4482331","tech mahindra","techmahindra.com","1986","information technology and services","10001+","pune, maharashtra, india","india","linkedin.com/company/tech-mahindra","38631","81583"
"825557","verizon wireless","verizonwireless.com","2000","telecommunications","10001+","basking ridge, new jersey, united states","united states","linkedin.com/company/verizon-wireless","38627","93157"
"6233790","sanofi","sanofi.com","","pharmaceuticals","10001+","paris, île-de-france, france","france","linkedin.com/company/sanofi","38533","99940"
"1279232","bnp paribas","bnpparibas.com","1848","banking","10001+","paris, île-de-france, france","france","linkedin.com/company/bnp-paribas","37835","101571"
"1712673","sodexo","sodexo.com","1966","facilities services","10001+","","","linkedin.com/company/sodexo","37611","86557"
"4474110","deutsche bank","db.com","1870","investment banking","10001+","frankfurt, hessen, germany","germany","linkedin.com/company/deutsche-bank","37595","118832"
"3515714","tencent","tencent.com","1998","internet","10001+","shenzhen, guangdong, china","china","linkedin.com/company/tencent","37574","42617"
"2769600","j.p. morgan","jpmorgan.com","","financial services","10001+","new york, new york, united states","united states","linkedin.com/company/j-p-morgan","37431","98722"
"900902","verizon","verizon.com","1983","information technology and services","10001+","basking ridge, new jersey, united states","united states","linkedin.com/company/verizon","37368","85643"
"323766","l'oréal","loreal.com","","cosmetics","10001+","paris, île-de-france, france","france","linkedin.com/company/loreal","37319","107296"
"5827698","kpmg","kpmg.com","1987","accounting","10001+","montvale, new jersey, united states","united states","linkedin.com/company/kpmg","36853","111980"
"5626776","orange","orange.com","1988","telecommunications","10001+","paris, île-de-france, france","france","linkedin.com/company/orange","36340","92180"
"3621470","linkedin","linkedin.com","2003","internet","10001+","mountain view, california, united states","united states","linkedin.com/company/linkedin","36309","43622"
"6821034","barclays","barclays.com","","financial services","10001+","london, greater london, united kingdom","united kingdom","linkedin.com/company/barclays-bank","36200","105849"
"3372569","facebook","facebook.com","2004","internet","10001+","menlo park, california, united states","united states","linkedin.com/company/facebook","36149","49059"
"4837091","northrop grumman corporation","northropgrumman.com","1939","defense & space","10001+","falls church, virginia, united states","united states","linkedin.com/company/northrop-grumman-corporation","35965","76734"
"3281536","fca fiat chrysler automobiles","fcagroup.com","1925","automotive","10001+","turin, turin, italy","united kingdom","linkedin.com/company/fcagroup","35891","71331"
"564320","adp","adp.com","1949","human resources","10001+","roseland, new jersey, united states","united states","linkedin.com/company/adp","35686","81555"
"6924238","medtronic","medtronic.com","1949","medical devices","10001+","minneapolis, minnesota, united states","united states","linkedin.com/company/medtronic","35664","68465"
"2157414","abbott","abbott.com","1980","hospital & health care","10001+","illinois city, illinois, united states","united states","linkedin.com/company/abbott-","35603","95035"
"4520410","chevron","chevron.com","1879","oil & energy","10001+","san ramon, california, united states","united states","linkedin.com/company/chevron","34995","71825"
"1774905","roche","roche.com","1896","biotechnology","10001+","basel, basel-city, switzerland","switzerland","linkedin.com/company/roche","34844","81068"
"370296","american express","americanexpress.com","1850","financial services","10001+","new york, new york, united states","united states","linkedin.com/company/american-express","34816","104036"
"1603851","samsung electronics","samsung.com","1938","electrical/electronic manufacturing","10001+","none, south carolina, united states","united states","linkedin.com/company/samsung-electronics","34021","77267"
"2617180","macy's","macysjobs.com","1858","retail","10001+","cincinnati, ohio, united states","united states","linkedin.com/company/macy","33795","110896"
"3316706","thomson reuters","tr.com","2008","information technology and services","10001+","new york, new york, united states","united states","linkedin.com/company/thomson-reuters","33745","96521"
"4186489","ministerio de educación","","","education management","10001+","","","linkedin.com/company/ministerio-de-educacion","33679","39862"
"3931276","avon","avoncompany.com","1886","cosmetics","10001+","new york, new york, united states","united states","linkedin.com/company/avon","33670","64294"
"1596877","cgi","cgi.com","1976","information technology and services","10001+","montréal, quebec, canada","canada","linkedin.com/company/cgi","33615","74922"
"480448","cvs health","cvshealth.com","1963","pharmaceuticals","10001+","woonsocket, rhode island, united states","united states","linkedin.com/company/cvs-health","33408","70569"
"2030116","halliburton","halliburton.com","1919","oil & energy","10001+","houston, texas, united states","united states","linkedin.com/company/halliburton","33250","75939"
"1693509","atos","atos.net","1997","information technology and services","10001+","bezons, ile-de-france, france","france","linkedin.com/company/atos","32927","83052"
"5115047","pcs informatica","padulahodkin.com","","information technology and services","10001+","","","linkedin.com/company/pcs-informatica","32673","33132"
"5074544","ge healthcare","gehealthcare.com","1892","hospital & health care","10001+","buckingham, buckinghamshire, united kingdom","united kingdom","linkedin.com/company/gehealthcare","32636","73081"
"875144","csc","csc.com","1959","information technology and services","10001+","falls church, virginia, united states","united states","linkedin.com/company/csc","32601","120065"
"2990345","merck","merck.com","1891","pharmaceuticals","10001+","kenilworth, new jersey, united states","united states","linkedin.com/company/merck","32210","93774"
"5981328","kpmg","beaconpartners.com","","financial services","10001+","new york, new york, united states","united states","linkedin.com/company/kpmg-us","32208","133446"
"4561063","banco santander","santander.com","1857","banking","10001+","boadilla del monte, madrid, spain","spain","linkedin.com/company/banco-santander","32008","84270"
"4375149","scotiabank","scotiabank.com","1832","banking","10001+","toronto, ontario, canada","canada","linkedin.com/company/scotiabank","31726","65086"
"2586611","dxc technology","dxc.technology","2017","information technology and services","10001+","","united states","linkedin.com/company/dxctechnology","31671","39585"
"5305312","johnson controls","johnsoncontrols.com","1885","mechanical or industrial engineering","10001+","milwaukee, wisconsin, united states","united states","linkedin.com/company/johnson-controls","31630","83000"
"4539986","posteamos.com","posteamos.com","2012","broadcast media","10001+","","","linkedin.com/company/posteamos-com","31626","31952"
"4800244","allstate","al.st","1931","insurance","10001+","northbrook, illinois, united states","united states","linkedin.com/company/allstate","31490","63117"
"1704977","petrobras","petrobras.com.br","1953","oil & energy","10001+","rio de janeiro, rio de janeiro, brazil","brazil","linkedin.com/company/petrobras","31454","51919"
"451029","credit suisse","credit-suisse.com","1856","banking","10001+","zurich, zurich, switzerland","switzerland","linkedin.com/company/credit-suisse","31429","96595"
"4191852","telefónica","telefonica.com","1924","telecommunications","10001+","madrid, madrid, spain","spain","linkedin.com/company/telefónica","31175","76432"
"3443830","marriott international","marriott.com","1927","hospitality","10001+","bethesda, maryland, united states","united states","linkedin.com/company/marriott-international","31146","79978"
"2646059","axa","axa.com","","insurance","10001+","paris, île-de-france, france","france","linkedin.com/company/axa","31068","75432"
"5146352","3m health care","3m.com","1902","mechanical or industrial engineering","10001+","saint paul, minnesota, united states","united states","linkedin.com/company/3m","30937","69130"
"5216532","standard chartered bank","sc.com","","banking","10001+","london, greater london, united kingdom","united kingdom","linkedin.com/company/standardchartered","30830","76125"
"7024799","xerox","xerox.com","1906","information technology and services","10001+","norwalk, connecticut, united states","united states","linkedin.com/company/xerox","30765","109494"
"2077517","cbre","cbre.com","","real estate","10001+","los angeles, california, united states","united states","linkedin.com/company/cbre","30665","65597"
"4338964","nyc department of education","nyc.gov","","education management","10001+","new york, new york, united states","united states","linkedin.com/company/nyc-department-of-education","30526","45049"
"3896633","goldman sachs","goldmansachs.com","1869","investment banking","10001+","new york, new york, united states","united states","linkedin.com/company/goldman-sachs","30470","92407"
"2359512","fidelity investments","fidelity.com","1946","financial services","10001+","boston, massachusetts, united states","united states","linkedin.com/company/fidelity-investments","30346","75432"
"1732530","icici bank","icicibank.com","1994","banking","10001+","bombay, maharashtra, india","india","linkedin.com/company/icici-bank","30286","72644"
"5203089","exxonmobil","exxonmobil.com","1999","oil & energy","10001+","irving, texas, united states","united states","linkedin.com/company/exxonmobil","30131","72412"
"5144247","t-mobile","tmobile.com","2002","telecommunications","10001+","bellevue, washington, united states","united states","linkedin.com/company/t-mobile","30100","71654"
"1823679","aon","aon.com","1987","financial services","10001+","london, greater london, united kingdom","united kingdom","linkedin.com/company/aon","30079","86714"
"6862042","royal bank of scotland","rbs.com","","banking","10001+","edinburgh, edinburgh, united kingdom","united kingdom","linkedin.com/company/royal-bank-of-scotland","29942","105000"
"761202","astrazeneca","astrazeneca.com","1999","pharmaceuticals","10001+","london, greater london, united kingdom","united kingdom","linkedin.com/company/astrazeneca","29930","79360"
"6379771","nike","nike.com","1972","sporting goods","10001+","beaverton, oregon, united states","united states","linkedin.com/company/nike","29731","73269"
"3749350","basf","basf.com","1865","chemicals","10001+","ludwigshafen, rheinland-pfalz, germany","germany","linkedin.com/company/basf","29673","64209"
"1047582","hdfc bank","hdfcbank.com","1994","banking","10001+","","","linkedin.com/company/hdfc-bank","29653","58711"
"5407625","best buy","bestbuy.com","1966","retail","10001+","richfield, minnesota, united states","united states","linkedin.com/company/best-buy","29568","120812"
"5232410","american airlines","aa.com","1930","airlines/aviation","10001+","fort worth, texas, united states","united states","linkedin.com/company/american-airlines","29498","50719"
"2461776","baker hughes","bhge.com","","oil & energy","10001+","houston, texas, united states","united states","linkedin.com/company/bhge","29481","62909"
"4458517","the coca-cola company","coca-colacompany.com","1892","food & beverages","10001+","atlanta, georgia, united states","united states","linkedin.com/company/the-coca-cola-company","29278","77857"
"630655","genpact","genpact.com","1997","information technology and services","10001+","new york, new york, united states","united states","linkedin.com/company/genpact","29262","61600"
"260854","jll","jll.com","","commercial real estate","10001+","chicago, illinois, united states","united states","linkedin.com/company/jll","29101","59098"
"5485082","rbc","rbc.com","1864","banking","10001+","toronto, ontario, canada","canada","linkedin.com/company/rbc","28889","60194"
"4924366","u.s. bank","usbank.com","","banking","10001+","minneapolis, minnesota, united states","united states","linkedin.com/company/us-bank","28763","62476"
"2483338","larsen & toubro","larsentoubro.com","","construction","10001+","bombay, maharashtra, india","india","linkedin.com/company/larsen-&-toubro-limited","28206","57709"
"3237014","continental","continental-corporation.com","1871","automotive","10001+","od, bayern, germany","germany","linkedin.com/company/continental","28156","53657"
"7145742","pnc","pnc.com","2014","financial services","10001+","pittsburgh, pennsylvania, united states","united states","linkedin.com/company/pnc-bank","28132","59821"
"6629901","sprint","sprint.com","1899","telecommunications","10001+","overland park, kansas, united states","united states","linkedin.com/company/sprint","28008","87996"
"4152474","saudi aramco","saudiaramco.com","1933","oil & energy","10001+","dhahran, eastern province, saudi arabia","saudi arabia","linkedin.com/company/saudi-aramco","27631","40870"
"704809","g4s","g4s.com","1901","security and investigations","10001+","crawley, west sussex, united kingdom","united kingdom","linkedin.com/company/g4s","27599","58905"
"5740063","airbus","airbusgroup.com","2014","aviation & aerospace","10001+","arlington, virginia, united states","united states","linkedin.com/company/airbusgroup","27548","65277"
"762687","capital one","capitalone.com","1994","financial services","10001+","mclean, virginia, united states","united states","linkedin.com/company/capital-one","27522","62144"
"5761469","delta air lines","delta.com","1928","airlines/aviation","10001+","atlanta, georgia, united states","united states","linkedin.com/company/delta-air-lines","27331","45222"
"3829495","carrefour","carrefour.fr","","supermarkets","10001+","boulogne-billancourt, ile-de-france, france","france","linkedin.com/company/carrefour","27313","86711"
"5962263","ninguna","networkingchats.com","","health, wellness and fitness","10001+","","","linkedin.com/company/ninguna","27288","33916"
"1368891","merrill lynch","ml.com","1914","financial services","10001+","new york, new york, united states","united states","linkedin.com/company/merrilllynch","27206","115216"
"4852349","mondelēz international","mondelezinternational.com","1903","food production","10001+","deerfield, illinois, united states","united states","linkedin.com/company/mondelezinternational","27152","70560"
"977265","bt","btplc.com","1981","telecommunications","10001+","london, greater london, united kingdom","united kingdom","linkedin.com/company/bt","26894","75086"
"1046108","h&m","hm.com","1947","retail","10001+","stockholm, stockholms lan, sweden","sweden","linkedin.com/company/h&m","26331","62664"
"3882572","anz","anz.com","1835","banking","10001+","melbourne, victoria, australia","australia","linkedin.com/company/anz","26156","62120"
"4665946","farmers insurance","farmers.com","1928","insurance","10001+","los angeles, california, united states","united states","linkedin.com/company/farmers-insurance","26029","50471"
"1220886","aecom","aecom.com","1990","civil engineering","10001+","los angeles, california, united states","united states","linkedin.com/company/aecom","26008","55877"
"4287807","united states department of defense","defense.gov","1947","military","10001+","washington, district of columbia, united states","united states","linkedin.com/company/united-states-department-of-defense","26000","50520"
"5573830","metlife","metlife.com","1868","insurance","10001+","new york, new york, united states","united states","linkedin.com/company/metlife","25967","66578"
"2777830","total","total.com","1924","oil & energy","10001+","san diego, california, united states","united states","linkedin.com/company/total","25780","64080"
"4814408","ikea group","ikea.com","","retail","10001+","malmö, skåne, sweden","sweden","linkedin.com/company/ikea-group","25734","68830"
"6371940","cargill","cargill.com","1865","food production","10001+","wayzata, minnesota, united states","united states","linkedin.com/company/cargill","25321","58954"
"318545","bae systems","baesystems.com","1999","defense & space","10001+","london, greater london, united kingdom","united kingdom","linkedin.com/company/bae-systems","25166","62806"
"6041581","united airlines","united.com","1926","airlines/aviation","10001+","chicago, illinois, united states","united states","linkedin.com/company/united-airlines","24967","42756"
"1085203","lavoratore indipendente","","","medical practice","10001+","","","linkedin.com/company/lavoratore-indipendente","24759","25286"
"4303138","mary kay inc.","marykay.com","1963","cosmetics","10001+","addison, texas, united states","united states","linkedin.com/company/mary-kay-inc","24699","33206"
"2418053","liberty mutual insurance","libertymutualgroup.com","1912","insurance","10001+","boston, massachusetts, united states","united states","linkedin.com/company/liberty-mutual-insurance","24623","52078"
"3408384","comcast","comcast.com","1963","media production","10001+","philadelphia, pennsylvania, united states","united states","linkedin.com/company/comcast","24515","50032"
"6655777","caterpillar inc.","caterpillar.com","1925","machinery","10001+","peoria heights, illinois, united states","united states","linkedin.com/company/caterpillar-inc","24304","52292"
"5373721","jacobs","jacobs.com","1947","construction","10001+","pasadena, california, united states","united states","linkedin.com/company/jacobs","24241","53719"
"1389083","bny mellon","bnymellon.com","","financial services","10001+","new york, new york, united states","united states","linkedin.com/company/bny-mellon","24183","57477"
"6109977","raytheon","raytheon.com","1922","defense & space","10001+","waltham, massachusetts, united states","united states","linkedin.com/company/raytheon","23733","50573"
"2565554","société générale","societegenerale.com","1864","banking","10001+","paris, île-de-france, france","france","linkedin.com/company/societe-generale","23484","72980"
"5505284","eli lilly and company","lilly.com","1876","pharmaceuticals","10001+","indianapolis, indiana, united states","united states","linkedin.com/company/eli-lilly-and-company","23297","60234"
"6386936","hp","hp.com","","information technology and services","10001+","palo alto, california, united states","united states","linkedin.com/company/hp","23294","72549"
"2451340","eskom","eskom.co.za","1923","utilities","10001+","","","linkedin.com/company/eskom","23290","30914"
"1715868","school","school-shop.fr","","textiles","10001+","","","linkedin.com/company/school","22985","24418"
"25915","uber","uber.com","2009","internet","10001+","san francisco, california, united states","united states","linkedin.com/company/uber-com","22415","36867"
"7031229","lloyds banking group","lloydsbankinggroup.com","","financial services","10001+","london, greater london, united kingdom","united kingdom","linkedin.com/company/lloyds-banking-group","22316","59097"
"4194738","kroger","thekrogerco.com","1883","retail","10001+","cincinnati, ohio, united states","united states","linkedin.com/company/kroger","22257","52584"
"7017886","thermo fisher scientific","thermofisher.com","1956","research","10001+","waltham, massachusetts, united states","united states","linkedin.com/company/thermo-fisher-scientific","22025","41527"
"6341362","renault","renault.com","","automotive","10001+","","","linkedin.com/company/renault","21826","54145"
"3861520","nhs trust","nhs.net","","hospital & health care","10001+","","","linkedin.com/company/nhs-trust","21826","27276"
"1474115","willis towers watson","willistowerswatson.com","1828","financial services","10001+","london, england, united kingdom","united kingdom","linkedin.com/company/willis-towers-watson","21813","52381"
"3097566","hospital universitario josep trueta","scsalud.es","","health, wellness and fitness","10001+","","","linkedin.com/company/hospital_2","21796","23390"
"6743549","aig","aig.com","1919","insurance","10001+","new york, new york, united states","united states","linkedin.com/company/aig","21673","62772"
"1012973","state bank of india","sbi.co.in","1806","banking","10001+","bombay, maharashtra, india","india","linkedin.com/company/state-bank-of-india","21645","28145"
"1742171","fedex express","fedex.com","1973","package/freight delivery","10001+","","","linkedin.com/company/fedex-express","21642","38631"
"3074526","novo nordisk","novonordisk.com","1923","pharmaceuticals","10001+","plainsboro, new jersey, united states","united states","linkedin.com/company/novo-nordisk","21638","40316"
"4620102","mynet","mynet.com","1999","internet","10001+","maslak, istanbul, turkey","turkey","linkedin.com/company/mynet","21612","22123"
"155797","vale","vale.com","1942","mining & metals","10001+","rio de janeiro, rio de janeiro, brazil","brazil","linkedin.com/company/vale","21569","44516"
"2588212","itaú unibanco","itau.com.br","1945","banking","10001+","sao paulo, sao paulo, brazil","brazil","linkedin.com/company/itau","21539","53270"
"3112107","h&r block","hrblock.com","1955","retail","10001+","kansas city, missouri, united states","united states","linkedin.com/company/h&r-block","21410","50330"
"1497651","sncf","sncf.com","1938","transportation/trucking/railroad","10001+","saint-denis-de-palin, centre, france","france","linkedin.com/company/sncf","21359","42784"
"317196","social security administration","socialsecurity.gov","1935","government administration","10001+","baltimore, maryland, united states","united states","linkedin.com/company/ssa","21150","28143"
"2276538","bright futures, a college and career management company","","","mental health care","10001+","","","linkedin.com/company/bright-futures-a-college-and-career-management-company","21041","21225"
"5300977","costco wholesale","costco.com","1983","retail","10001+","issaquah, washington, united states","united states","linkedin.com/company/costco-wholesale","21030","39071"
"3499466","thales","thalesgroup.com","2015","defense & space","10001+","alexandria, virginia, united states","united states","linkedin.com/company/thales","20983","54041"
"185483","convergys","convergys.com","1998","outsourcing/offshoring","10001+","cincinnati, ohio, united states","united states","linkedin.com/company/convergys","20979","74278"
"3316833","ministry of education","mogaisrael.com","","design","10001+","","","linkedin.com/company/ministry-of-education","20964","24627"
"2679224","tesco plc","tescoplc.com","1919","retail","10001+","hertfordshire, hertfordshire, united kingdom","united kingdom","linkedin.com/company/-tesco","20960","58143"
"1462752","iqvia","iqvia.com","2016","hospital & health care","10001+","danbury, connecticut, united states","united states","linkedin.com/company/iqvia","20957","44812"
"5717884","salesforce","salesforce.com","1999","internet","10001+","san francisco, california, united states","united states","linkedin.com/company/salesforce","20885","32361"
"5729452","edf","edf.fr","1946","oil & energy","10001+","france, aquitaine, france","france","linkedin.com/company/edf","20848","42588"
"6051027","prefeitura municipal","raffanti.net","","information technology and services","10001+","","","linkedin.com/company/prefeitura-municipal","20779","23540"
"7052551","the dow chemical company","dow.com","1897","chemicals","10001+","midland, michigan, united states","united states","linkedin.com/company/dow-chemical","20706","45769"
"2006184","forza silicon","vandjassociates.com","","human resources","10001+","","","linkedin.com/company/._31","20596","22725"
"3540617","hilton worldwide","stayhgi.com","1919","hospitality","10001+","mclean, virginia, united states","united states","linkedin.com/company/hilton","20578","56818"
"6865435","los angeles unified school district","lausd.net","1853","education management","10001+","los angeles, california, united states","united states","linkedin.com/company/los-angeles-unified-school-district","20404","30115"
"6809285","army national guard","nationalguard.com","","military","10001+","arlington, virginia, united states","united states","linkedin.com/company/army-national-guard","20390","42468"
"6432614","nordstrom","nordstrom.com","1901","retail","10001+","seattle, washington, united states","united states","linkedin.com/company/nordstrom","20376","81777"
"2277413","lifespan","lifespan.org","1994","hospital & health care","10001+","providence, rhode island, united states","united states","linkedin.com/company/lifespan","20341","23426"
"5306595","fedex","","1973","package/freight delivery","10001+","memphis, tennessee, united states","united states","linkedin.com/company/fedex","20317","40732"
"5211566","edward jones","edwardjones.com","1922","financial services","10001+","st. louis, missouri, united states","united states","linkedin.com/company/edward-jones","20238","37140"
"3859593","particular","demelon.net","","computer software","10001+","","","linkedin.com/company/particular_5","20231","22904"
"1415193","travelers","travelers.com","1853","insurance","10001+","new york, new york, united states","united states","linkedin.com/company/travelers","20065","39698"
"2143040","fresher","student.org.il","","education management","10001+","","","linkedin.com/company/student_3","20056","22438"
"2204081","boehringer ingelheim","boehringer-ingelheim.com","1885","pharmaceuticals","10001+","ingelheim, rheinland-pfalz, germany","germany","linkedin.com/company/boehringer-ingelheim","19989","46209"
"5188772","state street","statestreet.com","","financial services","10001+","boston, massachusetts, united states","united states","linkedin.com/company/state-street","19917","54320"
"894606","private","lesliestreet.cz","2010","professional training & coaching","10001+","prague, praha, czechia","czechia","linkedin.com/company/private_22","19894","21432"
"2996889","the walt disney company","disneycareers.com","1923","entertainment","10001+","burbank, california, united states","united states","linkedin.com/company/the-walt-disney-company","19839","64345"
"7135557","nielsen","nielsen.com","","information services","10001+","new york, new york, united states","united states","linkedin.com/company/nielsen","19719","57059"
"7100143","emirates","emirates.com","1985","airlines/aviation","10001+","dubai, dubai, united arab emirates","united arab emirates","linkedin.com/company/emirates","19657","33168"
"6838408","lg electronics","lg.com","1947","consumer electronics","10001+","seoul, seoul-t'ukpyolsi, south korea","south korea","linkedin.com/company/lg-electronics","19552","47846"
"4200508","bombardier","bombardier.com","1967","aviation & aerospace","10001+","montréal, quebec, canada","canada","linkedin.com/company/bombardier","19515","48465"
"1562302","herbalife","herbalife.com","1980","health, wellness and fitness","10001+","los angeles, california, united states","united states","linkedin.com/company/herbalife","19473","27470"
"2525857","northwestern mutual","northwesternmutual.com","1857","financial services","10001+","milwaukee, wisconsin, united states","united states","linkedin.com/company/northwestern-mutual","19406","57402"
"3183960","valeo","valeo.com","1923","automotive","10001+","paris, île-de-france, france","france","linkedin.com/company/valeo","19383","48834"
"2046863","eaton","eaton.com","1911","electrical/electronic manufacturing","10001+","cleveland, ohio, united states","united states","linkedin.com/company/eaton","19358","48225"
"3404418","aflac","aflac.com","1955","insurance","10001+","columbus, georgia, united states","united states","linkedin.com/company/aflac","19357","37516"
"3065805","united nations","un.org","1945","international affairs","10001+","new york, new york, united states","united states","linkedin.com/company/united-nations","19263","53077"
"2211827","flextronics","flex.com","","electrical/electronic manufacturing","10001+","","singapore","linkedin.com/company/flexintl","19039","46941"
"1757223","standard bank group","standardbank.com","1862","financial services","10001+","johannesburg, gauteng, south africa","south africa","linkedin.com/company/standard-bank-group","18967","37478"
"6604299","subway","subway.com","1965","restaurants","10001+","","","linkedin.com/company/subway","18960","60191"
"1165351","mayo clinic","mayoclinic.org","","hospital & health care","10001+","rochester, minnesota, united states","united states","linkedin.com/company/mayo-clinic","18846","31647"
"703734","booz allen hamilton","boozallen.com","1914","management consulting","10001+","mclean, virginia, united states","united states","linkedin.com/company/booz-allen-hamilton","18838","48211"
"5003828","allianz","allianz.com","1890","financial services","10001+","munich, bavaria, germany","germany","linkedin.com/company/allianz","18824","40564"
"4910792","telstra","telstra.com","1901","telecommunications","10001+","","australia","linkedin.com/company/telstra","18773","49199"
"6348526","qualcomm","qualcomm.com","1985","wireless","10001+","san diego, california, united states","united states","linkedin.com/company/qualcomm","18614","36464"
"3135963","john deere","johndeere.com","1837","machinery","10001+","moline, illinois, united states","united states","linkedin.com/company/john-deere","18546","34780"
"4265345","aetna","aetna.com","1853","insurance","10001+","hartford, connecticut, united states","united states","linkedin.com/company/aetna","18519","39194"
"7046063","enterprise rent-a-car","enterprise.com","1957","automotive","10001+","hillsborough, new hampshire, united states","united states","linkedin.com/company/enterprise-rent-a-car","18509","83709"
"4322431","bristol-myers squibb","bms.com","1887","pharmaceuticals","10001+","new york, new york, united states","united states","linkedin.com/company/bristol-myers-squibb","18504","57029"
"6434336","alberta health services","albertahealthservices.ca","2008","hospital & health care","10001+","edmonton, alberta, canada","canada","linkedin.com/company/alberta-health-services","18502","24861"
"272909","us department of homeland security","dhs.gov","2003","government administration","10001+","washington, district of columbia, united states","united states","linkedin.com/company/us-department-of-homeland-security","18497","30571"
"6643348","commonwealth bank","commbank.com.au","1911","financial services","10001+","sydney, new south wales, australia","australia","linkedin.com/company/commonwealthbank","18480","43277"
"7117565","new york life insurance company","newyorklife.com","1845","financial services","10001+","new york, new york, united states","united states","linkedin.com/company/newyorklife","18438","38970"
"5048183","siemens healthcare","","","hospital & health care","10001+","erlangen, bayern, germany","germany","linkedin.com/company/siemens-healthineers","18436","38951"
"4316778","cibc","cibc.com","1867","banking","10001+","toronto, ontario, canada","canada","linkedin.com/company/cibc","18410","45353"
"3905962","adidas","adidas.com","1949","sporting goods","10001+","herzogenaurach, bavaria, germany","germany","linkedin.com/company/adidas","18402","44698"
"2001870","weatherford","weatherford.com","1987","oil & energy","10001+","houston, texas, united states","united states","linkedin.com/company/weatherford","18246","45335"
"754931","fluor corporation","fluor.com","1912","construction","10001+","irving, texas, united states","united states","linkedin.com/company/fluor","18228","47878"
"3915882","pemex","pemex.com","1938","oil & energy","10001+","mexico, distrito federal, mexico","mexico","linkedin.com/company/pemex","18137","24617"
"2202767","sopra steria","soprasteria.com","1968","information technology and services","10001+","france, aquitaine, france","france","linkedin.com/company/soprasteria","18093","44388"
"3884708","hca","hcahealthcare.com","1968","hospital & health care","10001+","nashville, tennessee, united states","united states","linkedin.com/company/hca","18069","31543"
"3894880","bmw group","bmwgroup.jobs","1916","automotive","10001+","munich, bavaria, germany","germany","linkedin.com/company/bmw","18063","41033"
"6227085","dupont","dupont.com","1802","chemicals","10001+","wilmington, delaware, united states","united states","linkedin.com/company/dupont","17997","48015"
"5068673","nessuna azienda","navisysgroup.com","","writing and editing","10001+","","","linkedin.com/company/nessuna-azienda","17994","22248"
"2519978","sears holdings corporation","searsholdings.com","2005","retail","10001+","hoffman estates, illinois, united states","united states","linkedin.com/company/sears-holdings-corporation","17952","59118"
"79355","cleveland clinic","clevelandclinic.org","1921","hospital & health care","10001+","cleveland, ohio, united states","united states","linkedin.com/company/cleveland-clinic","17891","32174"
"5728545","lafargeholcim","lafargeholcim.com","2015","building materials","10001+","jona, schwyz, switzerland","switzerland","linkedin.com/company/lafargeholcim","17859","34272"
"2353192","kohl's department stores","kohls.com","1962","retail","10001+","menomonee falls, wisconsin, united states","united states","linkedin.com/company/kohls-department-stores","17851","55906"
"6515976","humana","humana.com","1961","insurance","10001+","louisville, kentucky, united states","united states","linkedin.com/company/humana","17829","32482"
"6694537","primerica","primerica.com","1977","financial services","10001+","duluth, georgia, united states","united states","linkedin.com/company/primerica","17751","27467"
"2748281","axis bank","axisbank.com","1994","banking","10001+","bombay, maharashtra, india","india","linkedin.com/company/axis-bank","17736","30595"
"2558224","coldwell banker residential brokerage","coldwellbanker.com","1906","real estate","10001+","madison, new jersey, united states","united states","linkedin.com/company/coldwell-banker-residential-brokerage","17682","26465"
"4246946","bayer","bayer.com","1863","pharmaceuticals","10001+","leverkusen, north rhine-westphalia, germany","germany","linkedin.com/company/bayer","17592","41540"
"2772227","fujitsu","fujitsu.com","1935","information technology and services","10001+","north sydney, new south wales, australia","australia","linkedin.com/company/fujitsu","17581","54138"
"2498797","faa","faa.gov","1958","aviation & aerospace","10001+","washington, district of columbia, united states","united states","linkedin.com/company/faa","17533","25324"
"6329103","bbva","bbva.com","1857","banking","10001+","bilbao, basque country, spain","spain","linkedin.com/company/bbva","17515","37671"
"5221614","university of michigan","umich.edu","1817","higher education","10001+","ann arbor, michigan, united states","united states","linkedin.com/company/university-of-michigan","17439","51824"
"3017954","banco do brasil","bb.com.br","1808","banking","10001+","","","linkedin.com/company/bancodobrasil","17350","34787"
"2809626","fis","fisglobal.com","","information technology and services","10001+","jacksonville, florida, united states","united states","linkedin.com/company/fis","17305","32392"
"6303895","foxconn","foxconn.com","1974","electrical/electronic manufacturing","10001+","panchiao, t'ai-pei, taiwan","taiwan","linkedin.com/company/foxconn","17217","30421"
"5081681","intercontinental hotels group (ihg®)","ihgplc.com","2003","hospitality","10001+","denham, buckinghamshire, united kingdom","united kingdom","linkedin.com/company/intercontinental-hotels-group","17201","51280"
"6777743","ge power","gepower.com","","oil & energy","10001+","schenectady, new york, united states","united states","linkedin.com/company/gepower","17184","39409"
"2492847","epam systems","epam.com","1993","computer software","10001+","newtown, pennsylvania, united states","united states","linkedin.com/company/epam-systems","17180","26118"
"3927744","pearson","pearson.com","1844","education management","10001+","london, greater london, united kingdom","united kingdom","linkedin.com/company/pearson","17153","42688"
"649918","national australia bank","nab.com.au","1858","banking","10001+","melbourne, victoria, australia","australia","linkedin.com/company/national-australia-bank","17116","41910"
"5616621","reliance","ril.com","1966","oil & energy","10001+","bombay, maharashtra, india","india","linkedin.com/company/reliance","17020","34889"
"2851728","jcpenney","jcpenney.com","1902","retail","10001+","plano, texas, united states","united states","linkedin.com/company/jcpenney","16930","55293"
"6609862","imss","imss.ge","2002","hospital & health care","10001+","mexico, distrito federal, mexico","mexico","linkedin.com/company/imss","16922","18612"
"3540520","bradesco","bradesco.com.br","1943","banking","10001+","osasco, sao paulo, brazil","brazil","linkedin.com/company/bradesco","16917","39194"
"1799266","boston scientific","bostonscientific.com","1979","medical devices","10001+","marlborough, massachusetts, united states","united states","linkedin.com/company/boston-scientific","16903","40046"
"4287803","stay at home mom","","","law practice","10001+","","","linkedin.com/company/shervin-immigration-and-business-center","16823","17168"
"2283091","lenovo","lenovo.com","2005","computer hardware","10001+","morrisville, north carolina, united states","united states","linkedin.com/company/lenovo","16797","34168"
"4519448","nationwide insurance","nationwide.com","","insurance","10001+","","","linkedin.com/company/nationwide","16794","36425"
"1426924","nissan motor corporation","nissan-global.com","1933","automotive","10001+","yokohama, kanagawa, japan","japan","linkedin.com/company/nissan-motor-corporation","16756","36526"
"4128741","amazon web services","","2006","information technology and services","10001+","seattle, washington, united states","united states","linkedin.com/company/amazon-web-services","16751","21393"
"5082432","philip morris international","pmi.com","2008","tobacco","10001+","new york, new york, united states","united states","linkedin.com/company/insidepmi","16683","43070"
"4276215","alstom","alstom.com","1928","railroad manufacture","10001+","washington, pennsylvania, united states","united states","linkedin.com/company/alstom","16661","40685"
"5058764","cummins inc.","cummins.com","1919","automotive","10001+","columbus, indiana, united states","united states","linkedin.com/company/cummins-inc","16625","36131"
"5572730","centurylink","centurylink.com","1930","telecommunications","10001+","monroe, louisiana, united states","united states","linkedin.com/company/centurylink","16598","27721"
"328477","psa peugeot citroën","groupe-psa.com","1976","automotive","10001+","paris, île-de-france, france","france","linkedin.com/company/groupepsa","16563","43205"
"6660667","european commission","europa.eu","1958","government administration","10001+","brussels, brussels hoofdstedelijk gewest, belgium","belgium","linkedin.com/company/european-commission","16546","42726"
"512904","amgen","amgen.com","1980","biotechnology","10001+","thousand oaks, california, united states","united states","linkedin.com/company/amgen","16533","38225"
"2433170","abn amro bank n.v.","abnamro.nl","1817","banking","10001+","amsterdam, noord-holland, netherlands","netherlands","linkedin.com/company/abn-amro","16510","82764"
"5807027","cvs pharmacy","","1963","pharmaceuticals","10001+","woonsocket, rhode island, united states","united states","linkedin.com/company/cvs-pharmacy","16445","43300"
"984683","trw","zf.com","1915","automotive","10001+","","","linkedin.com/company/zf-group","16444","38787"
"5454895","ncr corporation","ncr.com","1884","information technology and services","10001+","duluth, georgia, united states","united states","linkedin.com/company/ncr-corporation","16404","45468"
"876910","akzonobel","akzonobel.com","1994","chemicals","10001+","amsterdam, noord-holland, netherlands","netherlands","linkedin.com/company/akzonobel","16375","41399"
"299310","amdocs","amdocs.com","1982","telecommunications","10001+","chesterfield, missouri, united states","united states","linkedin.com/company/amdocs","16108","33663"
"6967442","abbvie","abbvie.com","2013","pharmaceuticals","10001+","north chicago, illinois, united states","united states","linkedin.com/company/abbvie","16096","24703"
"2834957","arcelormittal","arcelormittal.com","2006","mining & metals","10001+","none, south carolina, united states","united states","linkedin.com/company/arcelormittal","16090","36290"
"6480111","free lance","dottorpaolo.com","","internet","10001+","","","linkedin.com/company/free-lance_38","15992","18362"
"654491","jaguar land rover","jaguarlandrovercareers.com","1922","automotive","10001+","sandwell, sandwell, united kingdom","united kingdom","linkedin.com/company/jaguar-land-rover_1","15929","28186"
"5095679","autônoma","sirin.com.br","","human resources","10001+","","","linkedin.com/company/aut-noma_6","15911","18288"
"3645134","sgs","sgs.com","1878","international trade and development","10001+","geneva, geneva, switzerland","switzerland","linkedin.com/company/sgs","15907","37834"
"1779526","wipro infotech","","1945","information technology and services","10001+","bangalore, karnataka, india","india","linkedin.com/company/wipro-infotech","15834","40554"
"5044856","aramark","aramark.com","1939","retail","10001+","philadelphia, pennsylvania, united states","united states","linkedin.com/company/aramark","15833","46456"
"3703865","ministero istruzione, universita' e ricerca","miur.it","","government administration","10001+","","","linkedin.com/company/ministero-istruzione-universita'-e-ricerca","15829","18421"
"6390452","samsung","","1969","consumer electronics","10001+","new york, new york, united states","united states","linkedin.com/company/samsung","15818","31678"
"5753837","kuehne + nagel","kuehne-nagel.com","1890","logistics and supply chain","10001+","schindellegi, schwyz, switzerland","switzerland","linkedin.com/company/kuehne-nagel","15815","34164"
"1314805","cerner corporation","cerner.com","1979","information technology and services","10001+","kansas city, missouri, united states","united states","linkedin.com/company/cerner-corporation","15781","28081"
"5339583","mckinsey & company","mckinsey.com","","management consulting","10001+","","","linkedin.com/company/mckinsey","15771","42694"
"6248695","kimberly-clark","careersatkc.com","1872","consumer goods","10001+","seminole, texas, united states","united states","linkedin.com/company/kimberly-clark","15758","41594"
"1929568","caixa economica federal","caixa.gov.br","1861","banking","10001+","brasília, federal district, brazil","brazil","linkedin.com/company/caixa-economica-federal","15754","32283"
"3067312","biocolloids fate and transport in environmental systems, network biomet","","","retail","10001+","","","linkedin.com/company/biocolloids-fate-and-transport-in-environmental-systems-network-biomet","15733","15885"
"3328830","agilent technologies","agilent.com","1999","biotechnology","10001+","santa clara, california, united states","united states","linkedin.com/company/agilent-technologies","15704","35128"
